{"cameraMode":{"drawMode":0,"name":"Shaded","section":"Shading Mode"},"sceneLighting":true,"audioPlay":false,"sceneViewState":{"showFog":true,"showMaterialUpdate":false,"showSkybox":true,"showFlares":true,"showImageEffects":true,"showParticleSystems":true},"in2DMode":false,"pivot":{"x":311.0265808105469,"y":111.7179946899414,"z":555.3275756835938},"rotation":{"x":0.02280670404434204,"y":-0.009002196602523327,"z":0.0002054798387689516,"w":0.999699592590332},"size":450.2381591796875,"orthographic":false}